ins_addr,mnemonic,op_str,global_off,context
0x01d1,test,"byte ptr [0x5b68], 1",0x5b68,"0x01cb:call 0x1510 || 0x01ce:add sp, 2 || 0x01d1:test byte ptr [0x5b68], 1 || 0x01d6:je 0x1e1 || 0x01d8:push 0"
0x02e8,mov,"al, byte ptr [0x5b41]",0x5b41,"0x02e5:rep movsw word ptr es:[di], word ptr [si] || 0x02e7:pop ds || 0x02e8:mov al, byte ptr [0x5b41] || 0x02eb:mov ah, byte ptr [0x5b40] || 0x02ef:mov word ptr [0x5b40], ax"
0x02eb,mov,"ah, byte ptr [0x5b40]",0x5b40,"0x02e7:pop ds || 0x02e8:mov al, byte ptr [0x5b41] || 0x02eb:mov ah, byte ptr [0x5b40] || 0x02ef:mov word ptr [0x5b40], ax || 0x02f2:mov al, byte ptr [0x5b43]"
0x02ef,mov,"word ptr [0x5b40], ax",0x5b40,"0x02e8:mov al, byte ptr [0x5b41] || 0x02eb:mov ah, byte ptr [0x5b40] || 0x02ef:mov word ptr [0x5b40], ax || 0x02f2:mov al, byte ptr [0x5b43] || 0x02f5:mov ah, byte ptr [0x5b42]"
0x02f2,mov,"al, byte ptr [0x5b43]",0x5b43,"0x02eb:mov ah, byte ptr [0x5b40] || 0x02ef:mov word ptr [0x5b40], ax || 0x02f2:mov al, byte ptr [0x5b43] || 0x02f5:mov ah, byte ptr [0x5b42] || 0x02f9:mov word ptr [0x5b42], ax"
0x02f5,mov,"ah, byte ptr [0x5b42]",0x5b42,"0x02ef:mov word ptr [0x5b40], ax || 0x02f2:mov al, byte ptr [0x5b43] || 0x02f5:mov ah, byte ptr [0x5b42] || 0x02f9:mov word ptr [0x5b42], ax || 0x02fc:mov al, byte ptr [0x5b45]"
0x02f9,mov,"word ptr [0x5b42], ax",0x5b42,"0x02f2:mov al, byte ptr [0x5b43] || 0x02f5:mov ah, byte ptr [0x5b42] || 0x02f9:mov word ptr [0x5b42], ax || 0x02fc:mov al, byte ptr [0x5b45] || 0x02ff:mov ah, byte ptr [0x5b44]"
0x02fc,mov,"al, byte ptr [0x5b45]",0x5b45,"0x02f5:mov ah, byte ptr [0x5b42] || 0x02f9:mov word ptr [0x5b42], ax || 0x02fc:mov al, byte ptr [0x5b45] || 0x02ff:mov ah, byte ptr [0x5b44] || 0x0303:mov word ptr [0x5b44], ax"
0x02ff,mov,"ah, byte ptr [0x5b44]",0x5b44,"0x02f9:mov word ptr [0x5b42], ax || 0x02fc:mov al, byte ptr [0x5b45] || 0x02ff:mov ah, byte ptr [0x5b44] || 0x0303:mov word ptr [0x5b44], ax || 0x0306:mov ax, word ptr [0x5b4a]"
0x0303,mov,"word ptr [0x5b44], ax",0x5b44,"0x02fc:mov al, byte ptr [0x5b45] || 0x02ff:mov ah, byte ptr [0x5b44] || 0x0303:mov word ptr [0x5b44], ax || 0x0306:mov ax, word ptr [0x5b4a] || 0x0309:sub ah, ah"
0x0306,mov,"ax, word ptr [0x5b4a]",0x5b4a,"0x02ff:mov ah, byte ptr [0x5b44] || 0x0303:mov word ptr [0x5b44], ax || 0x0306:mov ax, word ptr [0x5b4a] || 0x0309:sub ah, ah || 0x030b:mov cx, ax"
0x030d,mov,"ax, word ptr [0x5b4a]",0x5b4a,"0x0309:sub ah, ah || 0x030b:mov cx, ax || 0x030d:mov ax, word ptr [0x5b4a] || 0x0310:mov dx, cx || 0x0312:mov al, ah"
0x0318,mov,"ch, byte ptr [0x5b49]",0x5b49,"0x0314:mov ah, dl || 0x0316:mov dl, dh || 0x0318:mov ch, byte ptr [0x5b49] || 0x031c:sub cl, cl || 0x031e:mov bx, ax"
0x0324,mov,"dx, word ptr [0x5b48]",0x5b48,"0x0320:mov si, dx || 0x0322:mov ax, cx || 0x0324:mov dx, word ptr [0x5b48] || 0x0328:mov dh, dl || 0x032a:mov dl, ah"
0x0332,mov,"word ptr [0x5b48], bx",0x5b48,"0x032e:or bx, ax || 0x0330:or si, dx || 0x0332:mov word ptr [0x5b48], bx || 0x0336:mov word ptr [0x5b4a], si || 0x033a:mov ax, word ptr [0x5b4e]"
0x0336,mov,"word ptr [0x5b4a], si",0x5b4a,"0x0330:or si, dx || 0x0332:mov word ptr [0x5b48], bx || 0x0336:mov word ptr [0x5b4a], si || 0x033a:mov ax, word ptr [0x5b4e] || 0x033d:and ah, cl"
0x033a,mov,"ax, word ptr [0x5b4e]",0x5b4e,"0x0332:mov word ptr [0x5b48], bx || 0x0336:mov word ptr [0x5b4a], si || 0x033a:mov ax, word ptr [0x5b4e] || 0x033d:and ah, cl || 0x033f:mov cx, ax"
0x0341,mov,"ax, word ptr [0x5b4e]",0x5b4e,"0x033d:and ah, cl || 0x033f:mov cx, ax || 0x0341:mov ax, word ptr [0x5b4e] || 0x0344:mov dx, cx || 0x0346:mov al, ah"
0x034e,mov,"ch, byte ptr [0x5b4d]",0x5b4d,"0x034a:mov dl, dh || 0x034c:sub dh, dh || 0x034e:mov ch, byte ptr [0x5b4d] || 0x0352:sub cl, cl || 0x0354:mov bx, ax"
0x035a,mov,"dx, word ptr [0x5b4c]",0x5b4c,"0x0356:mov si, dx || 0x0358:mov ax, cx || 0x035a:mov dx, word ptr [0x5b4c] || 0x035e:mov dh, dl || 0x0360:mov dl, ah"
0x0368,mov,"word ptr [0x5b4c], bx",0x5b4c,"0x0364:or bx, ax || 0x0366:or si, dx || 0x0368:mov word ptr [0x5b4c], bx || 0x036c:mov word ptr [0x5b4e], si || 0x0370:mov ax, word ptr [0x5b52]"
0x036c,mov,"word ptr [0x5b4e], si",0x5b4e,"0x0366:or si, dx || 0x0368:mov word ptr [0x5b4c], bx || 0x036c:mov word ptr [0x5b4e], si || 0x0370:mov ax, word ptr [0x5b52] || 0x0373:and ah, cl"
0x0370,mov,"ax, word ptr [0x5b52]",0x5b52,"0x0368:mov word ptr [0x5b4c], bx || 0x036c:mov word ptr [0x5b4e], si || 0x0370:mov ax, word ptr [0x5b52] || 0x0373:and ah, cl || 0x0375:mov cx, ax"
0x0377,mov,"ax, word ptr [0x5b52]",0x5b52,"0x0373:and ah, cl || 0x0375:mov cx, ax || 0x0377:mov ax, word ptr [0x5b52] || 0x037a:mov dx, cx || 0x037c:mov al, ah"
0x0384,mov,"ch, byte ptr [0x5b51]",0x5b51,"0x0380:mov dl, dh || 0x0382:sub dh, dh || 0x0384:mov ch, byte ptr [0x5b51] || 0x0388:sub cl, cl || 0x038a:mov bx, ax"
0x0390,mov,"dx, word ptr [0x5b50]",0x5b50,"0x038c:mov si, dx || 0x038e:mov ax, cx || 0x0390:mov dx, word ptr [0x5b50] || 0x0394:mov dh, dl || 0x0396:mov dl, ah"
0x039e,mov,"word ptr [0x5b50], bx",0x5b50,"0x039a:or bx, ax || 0x039c:or si, dx || 0x039e:mov word ptr [0x5b50], bx || 0x03a2:mov word ptr [0x5b52], si || 0x03a6:mov ax, word ptr [0x5b56]"
0x03a2,mov,"word ptr [0x5b52], si",0x5b52,"0x039c:or si, dx || 0x039e:mov word ptr [0x5b50], bx || 0x03a2:mov word ptr [0x5b52], si || 0x03a6:mov ax, word ptr [0x5b56] || 0x03a9:and ah, cl"
0x03a6,mov,"ax, word ptr [0x5b56]",0x5b56,"0x039e:mov word ptr [0x5b50], bx || 0x03a2:mov word ptr [0x5b52], si || 0x03a6:mov ax, word ptr [0x5b56] || 0x03a9:and ah, cl || 0x03ab:mov cx, ax"
0x03ad,mov,"ax, word ptr [0x5b56]",0x5b56,"0x03a9:and ah, cl || 0x03ab:mov cx, ax || 0x03ad:mov ax, word ptr [0x5b56] || 0x03b0:mov dx, cx || 0x03b2:mov al, ah"
0x03ba,mov,"ch, byte ptr [0x5b55]",0x5b55,"0x03b6:mov dl, dh || 0x03b8:sub dh, dh || 0x03ba:mov ch, byte ptr [0x5b55] || 0x03be:sub cl, cl || 0x03c0:mov bx, ax"
0x03c6,mov,"dx, word ptr [0x5b54]",0x5b54,"0x03c2:mov si, dx || 0x03c4:mov ax, cx || 0x03c6:mov dx, word ptr [0x5b54] || 0x03ca:mov dh, dl || 0x03cc:mov dl, ah"
0x03d4,mov,"word ptr [0x5b54], bx",0x5b54,"0x03d0:or bx, ax || 0x03d2:or si, dx || 0x03d4:mov word ptr [0x5b54], bx || 0x03d8:mov word ptr [0x5b56], si || 0x03dc:mov ax, word ptr [0x5b5a]"
0x03d8,mov,"word ptr [0x5b56], si",0x5b56,"0x03d2:or si, dx || 0x03d4:mov word ptr [0x5b54], bx || 0x03d8:mov word ptr [0x5b56], si || 0x03dc:mov ax, word ptr [0x5b5a] || 0x03df:and ah, cl"
0x03dc,mov,"ax, word ptr [0x5b5a]",0x5b5a,"0x03d4:mov word ptr [0x5b54], bx || 0x03d8:mov word ptr [0x5b56], si || 0x03dc:mov ax, word ptr [0x5b5a] || 0x03df:and ah, cl || 0x03e1:mov cx, ax"
0x03e3,mov,"ax, word ptr [0x5b5a]",0x5b5a,"0x03df:and ah, cl || 0x03e1:mov cx, ax || 0x03e3:mov ax, word ptr [0x5b5a] || 0x03e6:mov dx, cx || 0x03e8:mov al, ah"
0x03f0,mov,"ch, byte ptr [0x5b59]",0x5b59,"0x03ec:mov dl, dh || 0x03ee:sub dh, dh || 0x03f0:mov ch, byte ptr [0x5b59] || 0x03f4:sub cl, cl || 0x03f6:mov bx, ax"
0x03fc,mov,"dx, word ptr [0x5b58]",0x5b58,"0x03f8:mov si, dx || 0x03fa:mov ax, cx || 0x03fc:mov dx, word ptr [0x5b58] || 0x0400:mov dh, dl || 0x0402:mov dl, ah"
0x040a,mov,"word ptr [0x5b58], bx",0x5b58,"0x0406:or bx, ax || 0x0408:or si, dx || 0x040a:mov word ptr [0x5b58], bx || 0x040e:mov word ptr [0x5b5a], si || 0x0412:mov al, byte ptr [0x5b61]"
0x040e,mov,"word ptr [0x5b5a], si",0x5b5a,"0x0408:or si, dx || 0x040a:mov word ptr [0x5b58], bx || 0x040e:mov word ptr [0x5b5a], si || 0x0412:mov al, byte ptr [0x5b61] || 0x0415:mov ah, byte ptr [0x5b60]"
0x0412,mov,"al, byte ptr [0x5b61]",0x5b61,"0x040a:mov word ptr [0x5b58], bx || 0x040e:mov word ptr [0x5b5a], si || 0x0412:mov al, byte ptr [0x5b61] || 0x0415:mov ah, byte ptr [0x5b60] || 0x0419:mov word ptr [0x5b60], ax"
0x0415,mov,"ah, byte ptr [0x5b60]",0x5b60,"0x040e:mov word ptr [0x5b5a], si || 0x0412:mov al, byte ptr [0x5b61] || 0x0415:mov ah, byte ptr [0x5b60] || 0x0419:mov word ptr [0x5b60], ax || 0x041c:mov al, byte ptr [0x5b63]"
0x0419,mov,"word ptr [0x5b60], ax",0x5b60,"0x0412:mov al, byte ptr [0x5b61] || 0x0415:mov ah, byte ptr [0x5b60] || 0x0419:mov word ptr [0x5b60], ax || 0x041c:mov al, byte ptr [0x5b63] || 0x041f:mov ah, byte ptr [0x5b62]"
0x041c,mov,"al, byte ptr [0x5b63]",0x5b63,"0x0415:mov ah, byte ptr [0x5b60] || 0x0419:mov word ptr [0x5b60], ax || 0x041c:mov al, byte ptr [0x5b63] || 0x041f:mov ah, byte ptr [0x5b62] || 0x0423:mov word ptr [0x5b62], ax"
0x041f,mov,"ah, byte ptr [0x5b62]",0x5b62,"0x0419:mov word ptr [0x5b60], ax || 0x041c:mov al, byte ptr [0x5b63] || 0x041f:mov ah, byte ptr [0x5b62] || 0x0423:mov word ptr [0x5b62], ax || 0x0426:mov ax, word ptr [0x5b66]"
0x0423,mov,"word ptr [0x5b62], ax",0x5b62,"0x041c:mov al, byte ptr [0x5b63] || 0x041f:mov ah, byte ptr [0x5b62] || 0x0423:mov word ptr [0x5b62], ax || 0x0426:mov ax, word ptr [0x5b66] || 0x0429:and ah, cl"
0x0426,mov,"ax, word ptr [0x5b66]",0x5b66,"0x041f:mov ah, byte ptr [0x5b62] || 0x0423:mov word ptr [0x5b62], ax || 0x0426:mov ax, word ptr [0x5b66] || 0x0429:and ah, cl || 0x042b:mov cx, ax"
0x042d,mov,"ax, word ptr [0x5b66]",0x5b66,"0x0429:and ah, cl || 0x042b:mov cx, ax || 0x042d:mov ax, word ptr [0x5b66] || 0x0430:mov dx, cx || 0x0432:mov al, ah"
0x043a,mov,"ch, byte ptr [0x5b65]",0x5b65,"0x0436:mov dl, dh || 0x0438:sub dh, dh || 0x043a:mov ch, byte ptr [0x5b65] || 0x043e:sub cl, cl || 0x0440:mov bx, ax"
0x0446,mov,"dx, word ptr [0x5b64]",0x5b64,"0x0442:mov si, dx || 0x0444:mov ax, cx || 0x0446:mov dx, word ptr [0x5b64] || 0x044a:mov dh, dl || 0x044c:mov dl, ah"
0x0454,mov,"word ptr [0x5b64], bx",0x5b64,"0x0450:or bx, ax || 0x0452:or si, dx || 0x0454:mov word ptr [0x5b64], bx || 0x0458:mov word ptr [0x5b66], si || 0x045c:mov al, byte ptr [0x5b69]"
0x0458,mov,"word ptr [0x5b66], si",0x5b66,"0x0452:or si, dx || 0x0454:mov word ptr [0x5b64], bx || 0x0458:mov word ptr [0x5b66], si || 0x045c:mov al, byte ptr [0x5b69] || 0x045f:mov ah, byte ptr [0x5b68]"
0x045c,mov,"al, byte ptr [0x5b69]",0x5b69,"0x0454:mov word ptr [0x5b64], bx || 0x0458:mov word ptr [0x5b66], si || 0x045c:mov al, byte ptr [0x5b69] || 0x045f:mov ah, byte ptr [0x5b68] || 0x0463:mov word ptr [0x5b68], ax"
0x045f,mov,"ah, byte ptr [0x5b68]",0x5b68,"0x0458:mov word ptr [0x5b66], si || 0x045c:mov al, byte ptr [0x5b69] || 0x045f:mov ah, byte ptr [0x5b68] || 0x0463:mov word ptr [0x5b68], ax || 0x0466:mov ax, word ptr [0x5b6e]"
0x0463,mov,"word ptr [0x5b68], ax",0x5b68,"0x045c:mov al, byte ptr [0x5b69] || 0x045f:mov ah, byte ptr [0x5b68] || 0x0463:mov word ptr [0x5b68], ax || 0x0466:mov ax, word ptr [0x5b6e] || 0x0469:and ah, cl"
0x0466,mov,"ax, word ptr [0x5b6e]",0x5b6e,"0x045f:mov ah, byte ptr [0x5b68] || 0x0463:mov word ptr [0x5b68], ax || 0x0466:mov ax, word ptr [0x5b6e] || 0x0469:and ah, cl || 0x046b:mov cx, ax"
0x046d,mov,"ax, word ptr [0x5b6e]",0x5b6e,"0x0469:and ah, cl || 0x046b:mov cx, ax || 0x046d:mov ax, word ptr [0x5b6e] || 0x0470:mov dx, cx || 0x0472:mov al, ah"
0x047a,mov,"ch, byte ptr [0x5b6d]",0x5b6d,"0x0476:mov dl, dh || 0x0478:sub dh, dh || 0x047a:mov ch, byte ptr [0x5b6d] || 0x047e:sub cl, cl || 0x0480:mov bx, ax"
0x0486,mov,"dx, word ptr [0x5b6c]",0x5b6c,"0x0482:mov si, dx || 0x0484:mov ax, cx || 0x0486:mov dx, word ptr [0x5b6c] || 0x048a:mov dh, dl || 0x048c:mov dl, ah"
0x0494,mov,"word ptr [0x5b6c], bx",0x5b6c,"0x0490:or bx, ax || 0x0492:or si, dx || 0x0494:mov word ptr [0x5b6c], bx || 0x0498:mov word ptr [0x5b6e], si || 0x049c:mov ax, word ptr [0x5b72]"
0x0498,mov,"word ptr [0x5b6e], si",0x5b6e,"0x0492:or si, dx || 0x0494:mov word ptr [0x5b6c], bx || 0x0498:mov word ptr [0x5b6e], si || 0x049c:mov ax, word ptr [0x5b72] || 0x049f:and ah, cl"
0x049c,mov,"ax, word ptr [0x5b72]",0x5b72,"0x0494:mov word ptr [0x5b6c], bx || 0x0498:mov word ptr [0x5b6e], si || 0x049c:mov ax, word ptr [0x5b72] || 0x049f:and ah, cl || 0x04a1:mov cx, ax"
0x04a3,mov,"ax, word ptr [0x5b72]",0x5b72,"0x049f:and ah, cl || 0x04a1:mov cx, ax || 0x04a3:mov ax, word ptr [0x5b72] || 0x04a6:mov dx, cx || 0x04a8:mov al, ah"
0x04b0,mov,"ch, byte ptr [0x5b71]",0x5b71,"0x04ac:mov dl, dh || 0x04ae:sub dh, dh || 0x04b0:mov ch, byte ptr [0x5b71] || 0x04b4:sub cl, cl || 0x04b6:mov bx, ax"
0x04bc,mov,"dx, word ptr [0x5b70]",0x5b70,"0x04b8:mov si, dx || 0x04ba:mov ax, cx || 0x04bc:mov dx, word ptr [0x5b70] || 0x04c0:mov dh, dl || 0x04c2:mov dl, ah"
0x04ca,mov,"word ptr [0x5b70], bx",0x5b70,"0x04c6:or bx, ax || 0x04c8:or si, dx || 0x04ca:mov word ptr [0x5b70], bx || 0x04ce:mov word ptr [0x5b72], si || 0x04d2:mov al, byte ptr [0x5b75]"
0x04ce,mov,"word ptr [0x5b72], si",0x5b72,"0x04c8:or si, dx || 0x04ca:mov word ptr [0x5b70], bx || 0x04ce:mov word ptr [0x5b72], si || 0x04d2:mov al, byte ptr [0x5b75] || 0x04d5:mov ah, byte ptr [0x5b74]"
0x04d2,mov,"al, byte ptr [0x5b75]",0x5b75,"0x04ca:mov word ptr [0x5b70], bx || 0x04ce:mov word ptr [0x5b72], si || 0x04d2:mov al, byte ptr [0x5b75] || 0x04d5:mov ah, byte ptr [0x5b74] || 0x04d9:mov word ptr [0x5b74], ax"
0x04d5,mov,"ah, byte ptr [0x5b74]",0x5b74,"0x04ce:mov word ptr [0x5b72], si || 0x04d2:mov al, byte ptr [0x5b75] || 0x04d5:mov ah, byte ptr [0x5b74] || 0x04d9:mov word ptr [0x5b74], ax || 0x04dc:mov al, byte ptr [0x5b77]"
0x04d9,mov,"word ptr [0x5b74], ax",0x5b74,"0x04d2:mov al, byte ptr [0x5b75] || 0x04d5:mov ah, byte ptr [0x5b74] || 0x04d9:mov word ptr [0x5b74], ax || 0x04dc:mov al, byte ptr [0x5b77] || 0x04df:mov ah, byte ptr [0x5b76]"
0x04dc,mov,"al, byte ptr [0x5b77]",0x5b77,"0x04d5:mov ah, byte ptr [0x5b74] || 0x04d9:mov word ptr [0x5b74], ax || 0x04dc:mov al, byte ptr [0x5b77] || 0x04df:mov ah, byte ptr [0x5b76] || 0x04e3:mov word ptr [0x5b76], ax"
0x04df,mov,"ah, byte ptr [0x5b76]",0x5b76,"0x04d9:mov word ptr [0x5b74], ax || 0x04dc:mov al, byte ptr [0x5b77] || 0x04df:mov ah, byte ptr [0x5b76] || 0x04e3:mov word ptr [0x5b76], ax || 0x04e6:mov al, byte ptr [0x5b79]"
0x04e3,mov,"word ptr [0x5b76], ax",0x5b76,"0x04dc:mov al, byte ptr [0x5b77] || 0x04df:mov ah, byte ptr [0x5b76] || 0x04e3:mov word ptr [0x5b76], ax || 0x04e6:mov al, byte ptr [0x5b79] || 0x04e9:mov ah, byte ptr [0x5b78]"
0x04e6,mov,"al, byte ptr [0x5b79]",0x5b79,"0x04df:mov ah, byte ptr [0x5b76] || 0x04e3:mov word ptr [0x5b76], ax || 0x04e6:mov al, byte ptr [0x5b79] || 0x04e9:mov ah, byte ptr [0x5b78] || 0x04ed:mov word ptr [0x5b78], ax"
0x04e9,mov,"ah, byte ptr [0x5b78]",0x5b78,"0x04e3:mov word ptr [0x5b76], ax || 0x04e6:mov al, byte ptr [0x5b79] || 0x04e9:mov ah, byte ptr [0x5b78] || 0x04ed:mov word ptr [0x5b78], ax || 0x04f0:mov al, byte ptr [0x5b7b]"
0x04ed,mov,"word ptr [0x5b78], ax",0x5b78,"0x04e6:mov al, byte ptr [0x5b79] || 0x04e9:mov ah, byte ptr [0x5b78] || 0x04ed:mov word ptr [0x5b78], ax || 0x04f0:mov al, byte ptr [0x5b7b] || 0x04f3:mov ah, byte ptr [0x5b7a]"
0x04f0,mov,"al, byte ptr [0x5b7b]",0x5b7b,"0x04e9:mov ah, byte ptr [0x5b78] || 0x04ed:mov word ptr [0x5b78], ax || 0x04f0:mov al, byte ptr [0x5b7b] || 0x04f3:mov ah, byte ptr [0x5b7a] || 0x04f7:mov word ptr [0x5b7a], ax"
0x04f3,mov,"ah, byte ptr [0x5b7a]",0x5b7a,"0x04ed:mov word ptr [0x5b78], ax || 0x04f0:mov al, byte ptr [0x5b7b] || 0x04f3:mov ah, byte ptr [0x5b7a] || 0x04f7:mov word ptr [0x5b7a], ax || 0x04fa:mov al, byte ptr [0x5b7d]"
0x04f7,mov,"word ptr [0x5b7a], ax",0x5b7a,"0x04f0:mov al, byte ptr [0x5b7b] || 0x04f3:mov ah, byte ptr [0x5b7a] || 0x04f7:mov word ptr [0x5b7a], ax || 0x04fa:mov al, byte ptr [0x5b7d] || 0x04fd:mov ah, byte ptr [0x5b7c]"
0x04fa,mov,"al, byte ptr [0x5b7d]",0x5b7d,"0x04f3:mov ah, byte ptr [0x5b7a] || 0x04f7:mov word ptr [0x5b7a], ax || 0x04fa:mov al, byte ptr [0x5b7d] || 0x04fd:mov ah, byte ptr [0x5b7c] || 0x0501:mov word ptr [0x5b7c], ax"
0x04fd,mov,"ah, byte ptr [0x5b7c]",0x5b7c,"0x04f7:mov word ptr [0x5b7a], ax || 0x04fa:mov al, byte ptr [0x5b7d] || 0x04fd:mov ah, byte ptr [0x5b7c] || 0x0501:mov word ptr [0x5b7c], ax || 0x0504:mov al, byte ptr [0x5b7f]"
0x0501,mov,"word ptr [0x5b7c], ax",0x5b7c,"0x04fa:mov al, byte ptr [0x5b7d] || 0x04fd:mov ah, byte ptr [0x5b7c] || 0x0501:mov word ptr [0x5b7c], ax || 0x0504:mov al, byte ptr [0x5b7f] || 0x0507:mov ah, byte ptr [0x5b7e]"
0x0504,mov,"al, byte ptr [0x5b7f]",0x5b7f,"0x04fd:mov ah, byte ptr [0x5b7c] || 0x0501:mov word ptr [0x5b7c], ax || 0x0504:mov al, byte ptr [0x5b7f] || 0x0507:mov ah, byte ptr [0x5b7e] || 0x050b:mov word ptr [0x5b7e], ax"
0x0507,mov,"ah, byte ptr [0x5b7e]",0x5b7e,"0x0501:mov word ptr [0x5b7c], ax || 0x0504:mov al, byte ptr [0x5b7f] || 0x0507:mov ah, byte ptr [0x5b7e] || 0x050b:mov word ptr [0x5b7e], ax || 0x050e:mov al, byte ptr [0x5b81]"
0x050b,mov,"word ptr [0x5b7e], ax",0x5b7e,"0x0504:mov al, byte ptr [0x5b7f] || 0x0507:mov ah, byte ptr [0x5b7e] || 0x050b:mov word ptr [0x5b7e], ax || 0x050e:mov al, byte ptr [0x5b81] || 0x0511:mov ah, byte ptr [0x5b80]"
0x050e,mov,"al, byte ptr [0x5b81]",0x5b81,"0x0507:mov ah, byte ptr [0x5b7e] || 0x050b:mov word ptr [0x5b7e], ax || 0x050e:mov al, byte ptr [0x5b81] || 0x0511:mov ah, byte ptr [0x5b80] || 0x0515:mov word ptr [0x5b80], ax"
0x0511,mov,"ah, byte ptr [0x5b80]",0x5b80,"0x050b:mov word ptr [0x5b7e], ax || 0x050e:mov al, byte ptr [0x5b81] || 0x0511:mov ah, byte ptr [0x5b80] || 0x0515:mov word ptr [0x5b80], ax || 0x0518:mov al, byte ptr [0x5b83]"
0x0515,mov,"word ptr [0x5b80], ax",0x5b80,"0x050e:mov al, byte ptr [0x5b81] || 0x0511:mov ah, byte ptr [0x5b80] || 0x0515:mov word ptr [0x5b80], ax || 0x0518:mov al, byte ptr [0x5b83] || 0x051b:mov ah, byte ptr [0x5b82]"
0x0518,mov,"al, byte ptr [0x5b83]",0x5b83,"0x0511:mov ah, byte ptr [0x5b80] || 0x0515:mov word ptr [0x5b80], ax || 0x0518:mov al, byte ptr [0x5b83] || 0x051b:mov ah, byte ptr [0x5b82] || 0x051f:mov word ptr [0x5b82], ax"
0x051b,mov,"ah, byte ptr [0x5b82]",0x5b82,"0x0515:mov word ptr [0x5b80], ax || 0x0518:mov al, byte ptr [0x5b83] || 0x051b:mov ah, byte ptr [0x5b82] || 0x051f:mov word ptr [0x5b82], ax || 0x0522:mov ax, word ptr [0x5b86]"
0x051f,mov,"word ptr [0x5b82], ax",0x5b82,"0x0518:mov al, byte ptr [0x5b83] || 0x051b:mov ah, byte ptr [0x5b82] || 0x051f:mov word ptr [0x5b82], ax || 0x0522:mov ax, word ptr [0x5b86] || 0x0525:and ah, cl"
0x0522,mov,"ax, word ptr [0x5b86]",0x5b86,"0x051b:mov ah, byte ptr [0x5b82] || 0x051f:mov word ptr [0x5b82], ax || 0x0522:mov ax, word ptr [0x5b86] || 0x0525:and ah, cl || 0x0527:mov cx, ax"
0x0529,mov,"ax, word ptr [0x5b86]",0x5b86,"0x0525:and ah, cl || 0x0527:mov cx, ax || 0x0529:mov ax, word ptr [0x5b86] || 0x052c:mov dx, cx || 0x052e:mov al, ah"
0x0536,mov,"ch, byte ptr [0x5b85]",0x5b85,"0x0532:mov dl, dh || 0x0534:sub dh, dh || 0x0536:mov ch, byte ptr [0x5b85] || 0x053a:sub cl, cl || 0x053c:mov bx, ax"
0x0542,mov,"dx, word ptr [0x5b84]",0x5b84,"0x053e:mov si, dx || 0x0540:mov ax, cx || 0x0542:mov dx, word ptr [0x5b84] || 0x0546:mov dh, dl || 0x0548:mov dl, ah"
0x0550,mov,"word ptr [0x5b84], bx",0x5b84,"0x054c:or bx, ax || 0x054e:or si, dx || 0x0550:mov word ptr [0x5b84], bx || 0x0554:mov word ptr [0x5b86], si || 0x0558:mov al, byte ptr [0x5b89]"
0x0554,mov,"word ptr [0x5b86], si",0x5b86,"0x054e:or si, dx || 0x0550:mov word ptr [0x5b84], bx || 0x0554:mov word ptr [0x5b86], si || 0x0558:mov al, byte ptr [0x5b89] || 0x055b:mov ah, byte ptr [0x5b88]"
0x055b,mov,"ah, byte ptr [0x5b88]",0x5b88,"0x0554:mov word ptr [0x5b86], si || 0x0558:mov al, byte ptr [0x5b89] || 0x055b:mov ah, byte ptr [0x5b88] || 0x055f:mov word ptr [0x5b88], ax || 0x0562:mov ax, word ptr [0x5db2]"
0x055f,mov,"word ptr [0x5b88], ax",0x5b88,"0x0558:mov al, byte ptr [0x5b89] || 0x055b:mov ah, byte ptr [0x5b88] || 0x055f:mov word ptr [0x5b88], ax || 0x0562:mov ax, word ptr [0x5db2] || 0x0565:and ah, cl"
0x068d,push,word ptr [0x5b40],0x5b40,"0x0685:lcall 0x3f7, 0x752 || 0x068a:add sp, 6 || 0x068d:push word ptr [0x5b40] || 0x0691:push ds || 0x0692:push 0x2d2"
0x069d,push,word ptr [0x5b42],0x5b42,"0x0695:lcall 0x3f7, 0x752 || 0x069a:add sp, 6 || 0x069d:push word ptr [0x5b42] || 0x06a1:push ds || 0x06a2:push 0x2e9"
0x06ad,push,word ptr [0x5b44],0x5b44,"0x06a5:lcall 0x3f7, 0x752 || 0x06aa:add sp, 6 || 0x06ad:push word ptr [0x5b44] || 0x06b1:push ds || 0x06b2:push 0x304"
0x06bd,push,word ptr [0x5b4a],0x5b4a,"0x06b5:lcall 0x3f7, 0x752 || 0x06ba:add sp, 6 || 0x06bd:push word ptr [0x5b4a] || 0x06c1:push word ptr [0x5b48] || 0x06c5:push ds"
0x06c1,push,word ptr [0x5b48],0x5b48,"0x06ba:add sp, 6 || 0x06bd:push word ptr [0x5b4a] || 0x06c1:push word ptr [0x5b48] || 0x06c5:push ds || 0x06c6:push 0x31d"
0x06d1,push,word ptr [0x5b4e],0x5b4e,"0x06c9:lcall 0x3f7, 0x752 || 0x06ce:add sp, 8 || 0x06d1:push word ptr [0x5b4e] || 0x06d5:push word ptr [0x5b4c] || 0x06d9:push ds"
0x06d5,push,word ptr [0x5b4c],0x5b4c,"0x06ce:add sp, 8 || 0x06d1:push word ptr [0x5b4e] || 0x06d5:push word ptr [0x5b4c] || 0x06d9:push ds || 0x06da:push 0x33f"
0x06e5,push,word ptr [0x5b52],0x5b52,"0x06dd:lcall 0x3f7, 0x752 || 0x06e2:add sp, 8 || 0x06e5:push word ptr [0x5b52] || 0x06e9:push word ptr [0x5b50] || 0x06ed:push ds"
0x06e9,push,word ptr [0x5b50],0x5b50,"0x06e2:add sp, 8 || 0x06e5:push word ptr [0x5b52] || 0x06e9:push word ptr [0x5b50] || 0x06ed:push ds || 0x06ee:push 0x366"
0x06f9,push,word ptr [0x5b56],0x5b56,"0x06f1:lcall 0x3f7, 0x752 || 0x06f6:add sp, 8 || 0x06f9:push word ptr [0x5b56] || 0x06fd:push word ptr [0x5b54] || 0x0701:push ds"
0x06fd,push,word ptr [0x5b54],0x5b54,"0x06f6:add sp, 8 || 0x06f9:push word ptr [0x5b56] || 0x06fd:push word ptr [0x5b54] || 0x0701:push ds || 0x0702:push 0x38b"
0x070d,push,word ptr [0x5b5a],0x5b5a,"0x0705:lcall 0x3f7, 0x752 || 0x070a:add sp, 8 || 0x070d:push word ptr [0x5b5a] || 0x0711:push word ptr [0x5b58] || 0x0715:push ds"
0x0711,push,word ptr [0x5b58],0x5b58,"0x070a:add sp, 8 || 0x070d:push word ptr [0x5b5a] || 0x0711:push word ptr [0x5b58] || 0x0715:push ds || 0x0716:push 0x3ac"
0x0721,push,word ptr [0x5b60],0x5b60,"0x0719:lcall 0x3f7, 0x752 || 0x071e:add sp, 8 || 0x0721:push word ptr [0x5b60] || 0x0725:push ds || 0x0726:push 0x3d1"
0x0731,push,word ptr [0x5b62],0x5b62,"0x0729:lcall 0x3f7, 0x752 || 0x072e:add sp, 6 || 0x0731:push word ptr [0x5b62] || 0x0735:push ds || 0x0736:push 0x3eb"
0x0741,push,word ptr [0x5b66],0x5b66,"0x0739:lcall 0x3f7, 0x752 || 0x073e:add sp, 6 || 0x0741:push word ptr [0x5b66] || 0x0745:push word ptr [0x5b64] || 0x0749:push ds"
0x0745,push,word ptr [0x5b64],0x5b64,"0x073e:add sp, 6 || 0x0741:push word ptr [0x5b66] || 0x0745:push word ptr [0x5b64] || 0x0749:push ds || 0x074a:push 0x400"
0x0755,push,word ptr [0x5b68],0x5b68,"0x074d:lcall 0x3f7, 0x752 || 0x0752:add sp, 8 || 0x0755:push word ptr [0x5b68] || 0x0759:push ds || 0x075a:push 0x410"
0x0765,push,word ptr [0x5b68],0x5b68,"0x075d:lcall 0x3f7, 0x752 || 0x0762:add sp, 6 || 0x0765:push word ptr [0x5b68] || 0x0769:push cs || 0x076a:call 0xa5a"
0x0770,push,word ptr [0x5b6e],0x5b6e,"0x076a:call 0xa5a || 0x076d:add sp, 2 || 0x0770:push word ptr [0x5b6e] || 0x0774:push word ptr [0x5b6c] || 0x0778:push ds"
0x0774,push,word ptr [0x5b6c],0x5b6c,"0x076d:add sp, 2 || 0x0770:push word ptr [0x5b6e] || 0x0774:push word ptr [0x5b6c] || 0x0778:push ds || 0x0779:push 0x421"
0x0784,push,word ptr [0x5b72],0x5b72,"0x077c:lcall 0x3f7, 0x752 || 0x0781:add sp, 8 || 0x0784:push word ptr [0x5b72] || 0x0788:push word ptr [0x5b70] || 0x078c:push ds"
0x0788,push,word ptr [0x5b70],0x5b70,"0x0781:add sp, 8 || 0x0784:push word ptr [0x5b72] || 0x0788:push word ptr [0x5b70] || 0x078c:push ds || 0x078d:push 0x430"
0x0798,push,word ptr [0x5b74],0x5b74,"0x0790:lcall 0x3f7, 0x752 || 0x0795:add sp, 8 || 0x0798:push word ptr [0x5b74] || 0x079c:push ds || 0x079d:push 0x43f"
0x07a8,push,word ptr [0x5b76],0x5b76,"0x07a0:lcall 0x3f7, 0x752 || 0x07a5:add sp, 6 || 0x07a8:push word ptr [0x5b76] || 0x07ac:push ds || 0x07ad:push 0x44d"
0x07b8,push,word ptr [0x5b78],0x5b78,"0x07b0:lcall 0x3f7, 0x752 || 0x07b5:add sp, 6 || 0x07b8:push word ptr [0x5b78] || 0x07bc:push ds || 0x07bd:push 0x45b"
0x07c8,push,word ptr [0x5b7a],0x5b7a,"0x07c0:lcall 0x3f7, 0x752 || 0x07c5:add sp, 6 || 0x07c8:push word ptr [0x5b7a] || 0x07cc:push ds || 0x07cd:push 0x469"
0x07d8,push,word ptr [0x5b7c],0x5b7c,"0x07d0:lcall 0x3f7, 0x752 || 0x07d5:add sp, 6 || 0x07d8:push word ptr [0x5b7c] || 0x07dc:push ds || 0x07dd:push 0x477"
0x07e8,push,word ptr [0x5b7e],0x5b7e,"0x07e0:lcall 0x3f7, 0x752 || 0x07e5:add sp, 6 || 0x07e8:push word ptr [0x5b7e] || 0x07ec:push ds || 0x07ed:push 0x485"
0x07f8,push,word ptr [0x5b80],0x5b80,"0x07f0:lcall 0x3f7, 0x752 || 0x07f5:add sp, 6 || 0x07f8:push word ptr [0x5b80] || 0x07fc:push ds || 0x07fd:push 0x493"
0x0808,push,word ptr [0x5b82],0x5b82,"0x0800:lcall 0x3f7, 0x752 || 0x0805:add sp, 6 || 0x0808:push word ptr [0x5b82] || 0x080c:push ds || 0x080d:push 0x4a1"
0x0818,push,word ptr [0x5b86],0x5b86,"0x0810:lcall 0x3f7, 0x752 || 0x0815:add sp, 6 || 0x0818:push word ptr [0x5b86] || 0x081c:push word ptr [0x5b84] || 0x0820:push ds"
0x081c,push,word ptr [0x5b84],0x5b84,"0x0815:add sp, 6 || 0x0818:push word ptr [0x5b86] || 0x081c:push word ptr [0x5b84] || 0x0820:push ds || 0x0821:push 0x4af"
0x082c,push,word ptr [0x5b88],0x5b88,"0x0824:lcall 0x3f7, 0x752 || 0x0829:add sp, 8 || 0x082c:push word ptr [0x5b88] || 0x0830:push ds || 0x0831:push 0x4be"
0x09df,cmp,"word ptr [0x5b40], 0x800",0x5b40,"0x09d8:inc word ptr [0xa0] || 0x09dc:mov si, 0xffff || 0x09df:cmp word ptr [0x5b40], 0x800 || 0x09e5:je 0x9fb || 0x09e7:push word ptr [0x5b40]"
0x09e7,push,word ptr [0x5b40],0x5b40,"0x09df:cmp word ptr [0x5b40], 0x800 || 0x09e5:je 0x9fb || 0x09e7:push word ptr [0x5b40] || 0x09eb:push ds || 0x09ec:push 0x569"
0x09fb,cmp,"word ptr [0x5b42], 0x20",0x5b42,"0x09f4:add sp, 6 || 0x09f7:inc word ptr [0xa0] || 0x09fb:cmp word ptr [0x5b42], 0x20 || 0x0a00:je 0xa16 || 0x0a02:push word ptr [0x5b42]"
0x0a02,push,word ptr [0x5b42],0x5b42,"0x09fb:cmp word ptr [0x5b42], 0x20 || 0x0a00:je 0xa16 || 0x0a02:push word ptr [0x5b42] || 0x0a06:push ds || 0x0a07:push 0x58f"
0x0a16,cmp,"word ptr [0x5b44], 0",0x5b44,"0x0a0f:add sp, 6 || 0x0a12:inc word ptr [0xa0] || 0x0a16:cmp word ptr [0x5b44], 0 || 0x0a1b:je 0xa24 || 0x0a1d:cmp word ptr [0x5b44], 0x20"
0x0a1d,cmp,"word ptr [0x5b44], 0x20",0x5b44,"0x0a16:cmp word ptr [0x5b44], 0 || 0x0a1b:je 0xa24 || 0x0a1d:cmp word ptr [0x5b44], 0x20 || 0x0a22:jbe 0xa38 || 0x0a24:push word ptr [0x5b44]"
0x0a24,push,word ptr [0x5b44],0x5b44,"0x0a1d:cmp word ptr [0x5b44], 0x20 || 0x0a22:jbe 0xa38 || 0x0a24:push word ptr [0x5b44] || 0x0a28:push ds || 0x0a29:push 0x5af"
0x0a38,mov,"cx, word ptr [0x5b68]",0x5b68,"0x0a31:add sp, 6 || 0x0a34:inc word ptr [0xa0] || 0x0a38:mov cx, word ptr [0x5b68] || 0x0a3c:and cx, 0x783c || 0x0a40:je 0xa53"
0x0b64,mov,"ax, word ptr [0x5b76]",0x5b76,"0x0b5c:lcall 0x3f7, 0x752 || 0x0b61:add sp, 4 || 0x0b64:mov ax, word ptr [0x5b76] || 0x0b67:shl ax, 0xb || 0x0b6a:push ax"
0x0b8e,mov,"ax, word ptr [0x5b76]",0x5b76,"0x0b86:lcall 0x3f7, 0x1736 || 0x0b8b:add sp, 4 || 0x0b8e:mov ax, word ptr [0x5b76] || 0x0b91:shl ax, 0xb || 0x0b94:push ax"
0x0bbc,mov,"cx, word ptr [0x5b76]",0x5b76,"0x0bb8:jmp 0xbd2 || 0x0bba:xor ax, ax || 0x0bbc:mov cx, word ptr [0x5b76] || 0x0bc0:mov bx, word ptr [0x8a] || 0x0bc4:shl cx, 0xb"
0x0bd2,mov,"ax, word ptr [0x5b76]",0x5b76,"0x0bcf:jae 0xbd2 || 0x0bd1:stosb byte ptr es:[di], al || 0x0bd2:mov ax, word ptr [0x5b76] || 0x0bd5:add ax, ax || 0x0bd7:push ax"
0x0c00,mov,"cx, word ptr [0x5b76]",0x5b76,"0x0bfd:nop  || 0x0bfe:xor ax, ax || 0x0c00:mov cx, word ptr [0x5b76] || 0x0c04:mov bx, word ptr [0x96] || 0x0c08:add cx, cx"
0x0c17,push,word ptr [0x5b44],0x5b44,"0x0c14:stosb byte ptr es:[di], al || 0x0c15:push 0 || 0x0c17:push word ptr [0x5b44] || 0x0c1b:push word ptr [0x656e] || 0x0c1f:push word ptr [0x656c]"
0x0c33,div,word ptr [0x5b44],0x5b44,"0x0c2e:mov ax, 0x20 || 0x0c31:sub dx, dx || 0x0c33:div word ptr [0x5b44] || 0x0c37:mov word ptr [bp - 0x16], ax || 0x0c3a:mov word ptr [bp - 0x14], 0"
0x0c3f,mov,"ax, word ptr [0x5b74]",0x5b74,"0x0c37:mov word ptr [bp - 0x16], ax || 0x0c3a:mov word ptr [bp - 0x14], 0 || 0x0c3f:mov ax, word ptr [0x5b74] || 0x0c42:mov word ptr [bp - 0xa], ax || 0x0c45:mov word ptr [bp - 8], 0"
0x0c4f,cmp,"word ptr [0x5b76], 0",0x5b76,"0x0c45:mov word ptr [bp - 8], 0 || 0x0c4a:mov word ptr [bp - 0x20], 0 || 0x0c4f:cmp word ptr [0x5b76], 0 || 0x0c54:jne 0xc59 || 0x0c56:jmp 0xdf5"
0x0c6e,mov,"al, byte ptr [0x5b68]",0x5b68,"0x0c6b:jmp 0xc74 || 0x0c6d:nop  || 0x0c6e:mov al, byte ptr [0x5b68] || 0x0c71:and ax, 1 || 0x0c74:mov word ptr [bp - 2], ax"
0x0c87,push,word ptr [0x5b72],0x5b72,0x0c81:push word ptr [bp - 8] || 0x0c84:push word ptr [bp - 0xa] || 0x0c87:push word ptr [0x5b72] || 0x0c8b:push word ptr [0x5b70] || 0x0c8f:push word ptr [bp + 6]
0x0c8b,push,word ptr [0x5b70],0x5b70,"0x0c84:push word ptr [bp - 0xa] || 0x0c87:push word ptr [0x5b72] || 0x0c8b:push word ptr [0x5b70] || 0x0c8f:push word ptr [bp + 6] || 0x0c92:lcall 0x2f7, 0x24c"
0x0d48,mov,"ax, word ptr [0x5b48]",0x5b48,"0x0d42:cmp byte ptr [bp - 1], 3 || 0x0d46:jne 0xd5c || 0x0d48:mov ax, word ptr [0x5b48] || 0x0d4b:mov dx, word ptr [0x5b4a] || 0x0d4f:cmp word ptr [bp - 4], dx"
0x0d4b,mov,"dx, word ptr [0x5b4a]",0x5b4a,"0x0d46:jne 0xd5c || 0x0d48:mov ax, word ptr [0x5b48] || 0x0d4b:mov dx, word ptr [0x5b4a] || 0x0d4f:cmp word ptr [bp - 4], dx || 0x0d52:ja 0xd5c"
0x0de7,mov,"ax, word ptr [0x5b76]",0x5b76,"0x0ddf:add word ptr [bp - 0xa], 1 || 0x0de3:adc word ptr [bp - 8], 0 || 0x0de7:mov ax, word ptr [0x5b76] || 0x0dea:inc word ptr [bp - 0x20] || 0x0ded:cmp word ptr [bp - 0x20], ax"
0x0e35,mov,"ax, word ptr [0x5b50]",0x5b50,"0x0e2d:lcall 0x3f7, 0x752 || 0x0e32:add sp, 8 || 0x0e35:mov ax, word ptr [0x5b50] || 0x0e38:mov dx, word ptr [0x5b52] || 0x0e3c:cmp word ptr [bp - 0xe], ax"
0x0e38,mov,"dx, word ptr [0x5b52]",0x5b52,"0x0e32:add sp, 8 || 0x0e35:mov ax, word ptr [0x5b50] || 0x0e38:mov dx, word ptr [0x5b52] || 0x0e3c:cmp word ptr [bp - 0xe], ax || 0x0e3f:jne 0xe46"
0x0e77,mov,"ax, word ptr [0x5b54]",0x5b54,"0x0e6f:lcall 0x3f7, 0x752 || 0x0e74:add sp, 8 || 0x0e77:mov ax, word ptr [0x5b54] || 0x0e7a:mov dx, word ptr [0x5b56] || 0x0e7e:cmp word ptr [bp - 0x16], ax"
0x0e7a,mov,"dx, word ptr [0x5b56]",0x5b56,"0x0e74:add sp, 8 || 0x0e77:mov ax, word ptr [0x5b54] || 0x0e7a:mov dx, word ptr [0x5b56] || 0x0e7e:cmp word ptr [bp - 0x16], ax || 0x0e81:jne 0xe88"
0x0eb9,mov,"ax, word ptr [0x5b58]",0x5b58,"0x0eb1:lcall 0x3f7, 0x752 || 0x0eb6:add sp, 8 || 0x0eb9:mov ax, word ptr [0x5b58] || 0x0ebc:mov dx, word ptr [0x5b5a] || 0x0ec0:cmp word ptr [bp - 0x12], ax"
0x0ebc,mov,"dx, word ptr [0x5b5a]",0x5b5a,"0x0eb6:add sp, 8 || 0x0eb9:mov ax, word ptr [0x5b58] || 0x0ebc:mov dx, word ptr [0x5b5a] || 0x0ec0:cmp word ptr [bp - 0x12], ax || 0x0ec3:jne 0xeca"
0x0f1f,mov,"ax, word ptr [0x5b78]",0x5b78,"0x0f17:lcall 0x3f7, 0x752 || 0x0f1c:add sp, 4 || 0x0f1f:mov ax, word ptr [0x5b78] || 0x0f22:mov word ptr [bp - 0x10], ax || 0x0f25:mov word ptr [bp - 0xe], si"
0x0f28,mov,"ax, word ptr [0x5b7c]",0x5b7c,"0x0f22:mov word ptr [bp - 0x10], ax || 0x0f25:mov word ptr [bp - 0xe], si || 0x0f28:mov ax, word ptr [0x5b7c] || 0x0f2b:mov word ptr [bp - 0x28], ax || 0x0f2e:mov word ptr [0x9a], si"
0x0f35,cmp,"word ptr [0x5b7a], si",0x5b7a,"0x0f2e:mov word ptr [0x9a], si || 0x0f32:mov word ptr [bp - 0x18], si || 0x0f35:cmp word ptr [0x5b7a], si || 0x0f39:jne 0xf3e || 0x0f3b:jmp 0x131c"
0x0f62,mov,"al, byte ptr [0x5b68]",0x5b68,"0x0f5d:mov ax, word ptr [0x9e] || 0x0f60:jmp 0xf68 || 0x0f62:mov al, byte ptr [0x5b68] || 0x0f65:and ax, 1 || 0x0f68:mov word ptr [bp - 2], ax"
0x0f7b,push,word ptr [0x5b72],0x5b72,0x0f75:push word ptr [bp - 0xe] || 0x0f78:push word ptr [bp - 0x10] || 0x0f7b:push word ptr [0x5b72] || 0x0f7f:push word ptr [0x5b70] || 0x0f83:push word ptr [bp + 6]
0x0f7f,push,word ptr [0x5b70],0x5b70,"0x0f78:push word ptr [bp - 0x10] || 0x0f7b:push word ptr [0x5b72] || 0x0f7f:push word ptr [0x5b70] || 0x0f83:push word ptr [bp + 6] || 0x0f86:lcall 0x2f7, 0x24c"
0x10d7,cmp,"word ptr [0x5b74], si",0x5b74,"0x10d1:add word ptr [bp - 0x14], ax || 0x10d4:adc word ptr [bp - 0x12], dx || 0x10d7:cmp word ptr [0x5b74], si || 0x10db:ja 0x10e8 || 0x10dd:mov ax, word ptr [0x5b74]"
0x10dd,mov,"ax, word ptr [0x5b74]",0x5b74,"0x10d7:cmp word ptr [0x5b74], si || 0x10db:ja 0x10e8 || 0x10dd:mov ax, word ptr [0x5b74] || 0x10e0:add ax, word ptr [0x5b76] || 0x10e4:cmp ax, si"
0x10e0,add,"ax, word ptr [0x5b76]",0x5b76,"0x10db:ja 0x10e8 || 0x10dd:mov ax, word ptr [0x5b74] || 0x10e0:add ax, word ptr [0x5b76] || 0x10e4:cmp ax, si || 0x10e6:ja 0x1106"
0x10e9,mov,"ax, word ptr [0x5b74]",0x5b74,"0x10e6:ja 0x1106 || 0x10e8:push si || 0x10e9:mov ax, word ptr [0x5b74] || 0x10ec:add ax, word ptr [0x5b76] || 0x10f0:dec ax"
0x10ec,add,"ax, word ptr [0x5b76]",0x5b76,"0x10e8:push si || 0x10e9:mov ax, word ptr [0x5b74] || 0x10ec:add ax, word ptr [0x5b76] || 0x10f0:dec ax || 0x10f1:push ax"
0x10f2,push,word ptr [0x5b74],0x5b74,0x10f0:dec ax || 0x10f1:push ax || 0x10f2:push word ptr [0x5b74] || 0x10f6:push ds || 0x10f7:push 0x90f
0x1173,cmp,"word ptr [0x5b78], si",0x5b78,"0x116b:lcall 0x3f7, 0x752 || 0x1170:add sp, 6 || 0x1173:cmp word ptr [0x5b78], si || 0x1177:ja 0x1184 || 0x1179:mov ax, word ptr [0x5b78]"
0x1179,mov,"ax, word ptr [0x5b78]",0x5b78,"0x1173:cmp word ptr [0x5b78], si || 0x1177:ja 0x1184 || 0x1179:mov ax, word ptr [0x5b78] || 0x117c:add ax, word ptr [0x5b7a] || 0x1180:cmp ax, si"
0x117c,add,"ax, word ptr [0x5b7a]",0x5b7a,"0x1177:ja 0x1184 || 0x1179:mov ax, word ptr [0x5b78] || 0x117c:add ax, word ptr [0x5b7a] || 0x1180:cmp ax, si || 0x1182:ja 0x11a1"
0x1184,mov,"ax, word ptr [0x5b78]",0x5b78,"0x1180:cmp ax, si || 0x1182:ja 0x11a1 || 0x1184:mov ax, word ptr [0x5b78] || 0x1187:add ax, word ptr [0x5b7a] || 0x118b:dec ax"
0x1187,add,"ax, word ptr [0x5b7a]",0x5b7a,"0x1182:ja 0x11a1 || 0x1184:mov ax, word ptr [0x5b78] || 0x1187:add ax, word ptr [0x5b7a] || 0x118b:dec ax || 0x118c:push ax"
0x118d,push,word ptr [0x5b78],0x5b78,0x118b:dec ax || 0x118c:push ax || 0x118d:push word ptr [0x5b78] || 0x1191:push ds || 0x1192:push 0x974
0x130b,mov,"ax, word ptr [0x5b7a]",0x5b7a,"0x1303:add word ptr [bp - 0x10], 1 || 0x1307:adc word ptr [bp - 0xe], 0 || 0x130b:mov ax, word ptr [0x5b7a] || 0x130e:inc word ptr [bp - 0x18] || 0x1311:cmp word ptr [bp - 0x18], ax"
0x137e,test,"byte ptr [0x5b68], 1",0x5b68,"0x1376:lcall 0x3f7, 0x752 || 0x137b:add sp, 6 || 0x137e:test byte ptr [0x5b68], 1 || 0x1383:je 0x13a2 || 0x1385:lea ax, [si + 1]"
0x13cf,cmp,"dx, word ptr [0x5b6e]",0x5b6e,"0x13c9:mov word ptr [bp - 4], ax || 0x13cc:mov word ptr [bp - 2], dx || 0x13cf:cmp dx, word ptr [0x5b6e] || 0x13d3:jb 0x13f7 || 0x13d5:ja 0x13dd"
0x13d7,cmp,"ax, word ptr [0x5b6c]",0x5b6c,"0x13d3:jb 0x13f7 || 0x13d5:ja 0x13dd || 0x13d7:cmp ax, word ptr [0x5b6c] || 0x13db:jbe 0x13f7 || 0x13dd:push word ptr [0x5b6e]"
0x13dd,push,word ptr [0x5b6e],0x5b6e,"0x13d7:cmp ax, word ptr [0x5b6c] || 0x13db:jbe 0x13f7 || 0x13dd:push word ptr [0x5b6e] || 0x13e1:push word ptr [0x5b6c] || 0x13e5:push dx"
0x13e1,push,word ptr [0x5b6c],0x5b6c,0x13db:jbe 0x13f7 || 0x13dd:push word ptr [0x5b6e] || 0x13e1:push word ptr [0x5b6c] || 0x13e5:push dx || 0x13e6:push ax
0x13f7,mov,"ax, word ptr [0x5b50]",0x5b50,"0x13f0:add sp, 0xc || 0x13f3:inc word ptr [0xa0] || 0x13f7:mov ax, word ptr [0x5b50] || 0x13fa:mov dx, word ptr [0x5b52] || 0x13fe:cmp word ptr [bp - 0x14], ax"
0x13fa,mov,"dx, word ptr [0x5b52]",0x5b52,"0x13f3:inc word ptr [0xa0] || 0x13f7:mov ax, word ptr [0x5b50] || 0x13fa:mov dx, word ptr [0x5b52] || 0x13fe:cmp word ptr [bp - 0x14], ax || 0x1401:jne 0x1408"
0x1438,mov,"al, byte ptr [0x5b68]",0x5b68,"0x1433:mov ax, word ptr [0x9e] || 0x1436:jmp 0x143e || 0x1438:mov al, byte ptr [0x5b68] || 0x143b:and ax, 1 || 0x143e:mov word ptr [bp - 2], ax"
0x1450,push,word ptr [0x5b72],0x5b72,0x144b:push 0 || 0x144d:push word ptr [bp + 8] || 0x1450:push word ptr [0x5b72] || 0x1454:push word ptr [0x5b70] || 0x1458:push word ptr [bp + 6]
0x1454,push,word ptr [0x5b70],0x5b70,"0x144d:push word ptr [bp + 8] || 0x1450:push word ptr [0x5b72] || 0x1454:push word ptr [0x5b70] || 0x1458:push word ptr [bp + 6] || 0x145b:lcall 0x2f7, 0x24c"
0x147e,mov,"bh, byte ptr [0x5b69]",0x5b69,"0x147c:leave  || 0x147d:retf  || 0x147e:mov bh, byte ptr [0x5b69] || 0x1482:and bx, 0x8000 || 0x1486:cmp bx, 1"
0x1568,push,word ptr [0x5b88],0x5b88,0x1566:push ss || 0x1567:push ax || 0x1568:push word ptr [0x5b88] || 0x156c:push word ptr [0x5b86] || 0x1570:push word ptr [0x5b84]
0x156c,push,word ptr [0x5b86],0x5b86,0x1567:push ax || 0x1568:push word ptr [0x5b88] || 0x156c:push word ptr [0x5b86] || 0x1570:push word ptr [0x5b84] || 0x1574:push word ptr [0x5b80]
0x1570,push,word ptr [0x5b84],0x5b84,0x1568:push word ptr [0x5b88] || 0x156c:push word ptr [0x5b86] || 0x1570:push word ptr [0x5b84] || 0x1574:push word ptr [0x5b80] || 0x1578:push word ptr [0x5b80]
0x1574,push,word ptr [0x5b80],0x5b80,0x156c:push word ptr [0x5b86] || 0x1570:push word ptr [0x5b84] || 0x1574:push word ptr [0x5b80] || 0x1578:push word ptr [0x5b80] || 0x157c:push word ptr [bp + 6]
0x1578,push,word ptr [0x5b80],0x5b80,0x1570:push word ptr [0x5b84] || 0x1574:push word ptr [0x5b80] || 0x1578:push word ptr [0x5b80] || 0x157c:push word ptr [bp + 6] || 0x157f:push cs
0x158d,cmp,"word ptr [0x5b66], dx",0x5b66,"0x1586:mov ax, word ptr [0x92] || 0x1589:mov dx, word ptr [0x94] || 0x158d:cmp word ptr [0x5b66], dx || 0x1591:ja 0x15b5 || 0x1593:jb 0x159b"
0x1595,cmp,"word ptr [0x5b64], ax",0x5b64,"0x1591:ja 0x15b5 || 0x1593:jb 0x159b || 0x1595:cmp word ptr [0x5b64], ax || 0x1599:jae 0x15b5 || 0x159b:push dx"
0x159d,push,word ptr [0x5b66],0x5b66,0x159b:push dx || 0x159c:push ax || 0x159d:push word ptr [0x5b66] || 0x15a1:push word ptr [0x5b64] || 0x15a5:push ds
0x15a1,push,word ptr [0x5b64],0x5b64,0x159c:push ax || 0x159d:push word ptr [0x5b66] || 0x15a1:push word ptr [0x5b64] || 0x15a5:push ds || 0x15a6:push 0xba6
0x15b5,mov,"ax, word ptr [0x5b60]",0x5b60,"0x15ae:add sp, 0xc || 0x15b1:inc word ptr [0xa0] || 0x15b5:mov ax, word ptr [0x5b60] || 0x15b8:cmp word ptr [bp - 2], ax || 0x15bb:je 0x15d1"
0x15d1,mov,"ax, word ptr [0x5b62]",0x5b62,"0x15ca:add sp, 8 || 0x15cd:inc word ptr [0xa0] || 0x15d1:mov ax, word ptr [0x5b62] || 0x15d4:cmp word ptr [bp - 4], ax || 0x15d7:je 0x15ed"
0x1632,cmp,"word ptr [0x5b82], ax",0x5b82,"0x162b:inc word ptr [0xa0] || 0x162f:mov ax, word ptr [0x9a] || 0x1632:cmp word ptr [0x5b82], ax || 0x1636:je 0x164d || 0x1638:push ax"
0x1639,push,word ptr [0x5b82],0x5b82,0x1636:je 0x164d || 0x1638:push ax || 0x1639:push word ptr [0x5b82] || 0x163d:push ds || 0x163e:push 0xc22
0x1aae,mov,"al, byte ptr [0x5b68]",0x5b68,"0x1aab:jmp 0x1ab4 || 0x1aad:nop  || 0x1aae:mov al, byte ptr [0x5b68] || 0x1ab1:and ax, 1 || 0x1ab4:mov word ptr [bp - 2], ax"
0x1ac6,push,word ptr [0x5b72],0x5b72,0x1ac1:push 0 || 0x1ac3:push word ptr [bp - 0x16] || 0x1ac6:push word ptr [0x5b72] || 0x1aca:push word ptr [0x5b70] || 0x1ace:push word ptr [bp + 6]
0x1aca,push,word ptr [0x5b70],0x5b70,"0x1ac3:push word ptr [bp - 0x16] || 0x1ac6:push word ptr [0x5b72] || 0x1aca:push word ptr [0x5b70] || 0x1ace:push word ptr [bp + 6] || 0x1ad1:lcall 0x2f7, 0x24c"
0x20f8,mov,"al, byte ptr [0x5b68]",0x5b68,"0x20f3:mov ax, word ptr [0x9e] || 0x20f6:jmp 0x20fe || 0x20f8:mov al, byte ptr [0x5b68] || 0x20fb:and ax, 1 || 0x20fe:mov word ptr [bp - 8], ax"
0x210b,mov,"ax, word ptr [0x5b78]",0x5b78,"0x2106:push word ptr [bp - 8] || 0x2109:push 0 || 0x210b:mov ax, word ptr [0x5b78] || 0x210e:sub dx, dx || 0x2110:add ax, word ptr [bp - 4]"
0x2118,push,word ptr [0x5b72],0x5b72,0x2116:push dx || 0x2117:push ax || 0x2118:push word ptr [0x5b72] || 0x211c:push word ptr [0x5b70] || 0x2120:push word ptr [bp + 6]
0x211c,push,word ptr [0x5b70],0x5b70,"0x2117:push ax || 0x2118:push word ptr [0x5b72] || 0x211c:push word ptr [0x5b70] || 0x2120:push word ptr [bp + 6] || 0x2123:lcall 0x2f7, 0x24c"
0x2212,mov,"di, word ptr [0x5b68]",0x5b68,"0x220c:mov word ptr [bp - 0x1c], cx || 0x220f:mov word ptr [bp - 0x10], cx || 0x2212:mov di, word ptr [0x5b68] || 0x2216:and di, 0x8000 || 0x221a:mov es, dx"
0x2263,push,word ptr [0x5b44],0x5b44,"0x225e:add sp, 0xc || 0x2261:push 0 || 0x2263:push word ptr [0x5b44] || 0x2267:push 0 || 0x2269:push word ptr [0x5b40]"
0x2269,push,word ptr [0x5b40],0x5b40,"0x2263:push word ptr [0x5b44] || 0x2267:push 0 || 0x2269:push word ptr [0x5b40] || 0x226d:les bx, ptr [bp - 4] || 0x2270:push word ptr es:[bx + 0x2a]"
0x2454,push,word ptr [0x5b44],0x5b44,"0x244f:add sp, 0xc || 0x2452:push 0 || 0x2454:push word ptr [0x5b44] || 0x2458:push 0 || 0x245a:push word ptr [0x5b40]"
0x245a,push,word ptr [0x5b40],0x5b40,"0x2454:push word ptr [0x5b44] || 0x2458:push 0 || 0x245a:push word ptr [0x5b40] || 0x245e:les bx, ptr [bp - 4] || 0x2461:push word ptr es:[bx + 0x36]"
0x2642,mov,"ch, byte ptr [0x5b69]",0x5b69,"0x263c:mov word ptr [bp - 0x2c], cx || 0x263f:inc word ptr [bp + 0x12] || 0x2642:mov ch, byte ptr [0x5b69] || 0x2646:and cx, 0x8000 || 0x264a:mov word ptr [bp - 0x1e], cx"
0x26a5,mov,"al, byte ptr [0x5b68]",0x5b68,"0x26a1:nop  || 0x26a2:mov word ptr [bp - 4], bx || 0x26a5:mov al, byte ptr [0x5b68] || 0x26a8:and ax, 1 || 0x26ab:mov word ptr [bp - 2], ax"
0x26be,push,word ptr [0x5b72],0x5b72,0x26b8:push word ptr [bp - 0x10] || 0x26bb:push word ptr [bp - 0x12] || 0x26be:push word ptr [0x5b72] || 0x26c2:push word ptr [0x5b70] || 0x26c6:push word ptr [bp + 6]
0x26c2,push,word ptr [0x5b70],0x5b70,"0x26bb:push word ptr [bp - 0x12] || 0x26be:push word ptr [0x5b72] || 0x26c2:push word ptr [0x5b70] || 0x26c6:push word ptr [bp + 6] || 0x26c9:lcall 0x2f7, 0x24c"
0x27ee,mov,"al, byte ptr [0x5b68]",0x5b68,"0x27e9:mov ax, word ptr [0x9e] || 0x27ec:jmp 0x27f4 || 0x27ee:mov al, byte ptr [0x5b68] || 0x27f1:and ax, 1 || 0x27f4:mov word ptr [bp - 2], ax"
0x2807,push,word ptr [0x5b72],0x5b72,0x2801:push word ptr [bp - 0x10] || 0x2804:push word ptr [bp - 0x12] || 0x2807:push word ptr [0x5b72] || 0x280b:push word ptr [0x5b70] || 0x280f:push word ptr [bp + 6]
0x280b,push,word ptr [0x5b70],0x5b70,"0x2804:push word ptr [bp - 0x12] || 0x2807:push word ptr [0x5b72] || 0x280b:push word ptr [0x5b70] || 0x280f:push word ptr [bp + 6] || 0x2812:lcall 0x2f7, 0x24c"
0x2a8e,mov,"al, byte ptr [0x5b68]",0x5b68,"0x2a89:mov ax, word ptr [0x9e] || 0x2a8c:jmp 0x2a94 || 0x2a8e:mov al, byte ptr [0x5b68] || 0x2a91:and ax, 1 || 0x2a94:mov word ptr [bp - 2], ax"
0x2aa7,push,word ptr [0x5b72],0x5b72,0x2aa1:push word ptr [bp - 0x10] || 0x2aa4:push word ptr [bp - 0x12] || 0x2aa7:push word ptr [0x5b72] || 0x2aab:push word ptr [0x5b70] || 0x2aaf:push word ptr [bp + 6]
0x2aab,push,word ptr [0x5b70],0x5b70,"0x2aa4:push word ptr [bp - 0x12] || 0x2aa7:push word ptr [0x5b72] || 0x2aab:push word ptr [0x5b70] || 0x2aaf:push word ptr [bp + 6] || 0x2ab2:lcall 0x2f7, 0x24c"
0x2c82,mov,"ax, word ptr [0x5b48]",0x5b48,"0x2c7c:mov word ptr [bp - 0xc], ax || 0x2c7f:mov word ptr [bp - 0xe], ax || 0x2c82:mov ax, word ptr [0x5b48] || 0x2c85:mov dx, word ptr [0x5b4a] || 0x2c89:cmp word ptr [bp + 8], dx"
0x2c85,mov,"dx, word ptr [0x5b4a]",0x5b4a,"0x2c7f:mov word ptr [bp - 0xe], ax || 0x2c82:mov ax, word ptr [0x5b48] || 0x2c85:mov dx, word ptr [0x5b4a] || 0x2c89:cmp word ptr [bp + 8], dx || 0x2c8c:jbe 0x2c91"
0x2ca7,cmp,"dx, word ptr [0x5b4a]",0x5b4a,"0x2ca1:add ax, word ptr [bp + 6] || 0x2ca4:adc dx, word ptr [bp + 8] || 0x2ca7:cmp dx, word ptr [0x5b4a] || 0x2cab:jbe 0x2cb0 || 0x2cad:jmp 0x2dda"
0x2cb2,cmp,"ax, word ptr [0x5b48]",0x5b48,"0x2cad:jmp 0x2dda || 0x2cb0:jb 0x2cbb || 0x2cb2:cmp ax, word ptr [0x5b48] || 0x2cb6:jbe 0x2cbb || 0x2cb8:jmp 0x2dda"
0x2e03,mov,"ax, word ptr [0x5b7a]",0x5b7a,"0x2dfe:enter 0xa, 0 || 0x2e02:push si || 0x2e03:mov ax, word ptr [0x5b7a] || 0x2e06:shl ax, 9 || 0x2e09:cmp word ptr [bp + 8], ax"
0x2e2e,add,"ax, word ptr [0x5b78]",0x5b78,"0x2e28:mov ax, word ptr [bp + 8] || 0x2e2b:shr ax, 9 || 0x2e2e:add ax, word ptr [0x5b78] || 0x2e32:mov word ptr [bp - 4], ax || 0x2e35:mov word ptr [bp - 2], 0"
0x2e46,mov,"al, byte ptr [0x5b68]",0x5b68,"0x2e41:mov ax, word ptr [0x9e] || 0x2e44:jmp 0x2e4c || 0x2e46:mov al, byte ptr [0x5b68] || 0x2e49:and ax, 1 || 0x2e4c:mov word ptr [bp - 6], ax"
0x2e5f,push,word ptr [0x5b72],0x5b72,0x2e59:push word ptr [bp - 2] || 0x2e5c:push word ptr [bp - 4] || 0x2e5f:push word ptr [0x5b72] || 0x2e63:push word ptr [0x5b70] || 0x2e67:push word ptr [bp + 6]
0x2e63,push,word ptr [0x5b70],0x5b70,"0x2e5c:push word ptr [bp - 4] || 0x2e5f:push word ptr [0x5b72] || 0x2e63:push word ptr [0x5b70] || 0x2e67:push word ptr [bp + 6] || 0x2e6a:lcall 0x2f7, 0x24c"
0x2eba,mov,"ax, word ptr [0x5b70]",0x5b70,"0x2eb8:push di || 0x2eb9:push si || 0x2eba:mov ax, word ptr [0x5b70] || 0x2ebd:mov dx, word ptr [0x5b72] || 0x2ec1:mov word ptr [bp - 4], ax"
0x2ebd,mov,"dx, word ptr [0x5b72]",0x5b72,"0x2eb9:push si || 0x2eba:mov ax, word ptr [0x5b70] || 0x2ebd:mov dx, word ptr [0x5b72] || 0x2ec1:mov word ptr [bp - 4], ax || 0x2ec4:mov word ptr [bp - 2], dx"
0x2ecc,mov,"al, byte ptr [0x5b7a]",0x5b7a,"0x2ec4:mov word ptr [bp - 2], dx || 0x2ec7:mov word ptr [bp - 6], 0 || 0x2ecc:mov al, byte ptr [0x5b7a] || 0x2ecf:and al, 0x7f || 0x2ed1:jne 0x2ed6"
0x2f67,mov,"ax, word ptr [0x5b7a]",0x5b7a,"0x2f60:adc word ptr [bp - 2], 0 || 0x2f64:mov word ptr [bp - 6], di || 0x2f67:mov ax, word ptr [0x5b7a] || 0x2f6a:shl ax, 9 || 0x2f6d:cmp ax, di"
